id,text,is,category4
1,"Cuando el dice a ""todos"" eso incluye mujeres claramente   pero como es achichincle de los mismos de siempre no va a tener consecuencias legales por lo que ha dicho",1,1
2,‚ÄúAqu√≠ tenemos una excepcional oportunidad para continuar trabajando de forma indisoluble tanto en Derechos de los Pueblos Ind√≠genas como en Derechos de las Mujeres‚Äù indic√≥ de la Morena,1,1
3,Hoy todo es acoso   unas se√±oras me preguntaron la hora y yo les dije: tengo un cuarto para las dos   y aqu√≠ estoy en la FGR. Hoy todo es acoso. Un buen chiste pero casi realidad en la actualidad.,1,1
4,Y d√≥nde est√°n las defensoras de las mujeres por ah√≠ sali√≥ una   en una de las comisiones   diciendo que ellas defender√≠an a quien sea   no importa su partido pol√≠tico   solo hip√≥critas son esas mujeres que dicen ser feminista,1,1
5,¬øY las brujas maldicientes no le van a hacer brujer√≠a al zopenco que public√≥ la foto? ¬øNo que son f√©minazis?,1,1
6,"""Me vale que @user sea ped√≥filo   corrupto y pajero   pero se trole√≥ a la bancada cyan y por eso me cae bien.""",1,1
7,Callate zorra,1,1
8,Bicha pendeja no se que te crees   fea,1,1
9,Romperte el vestido y comerme esas tetas deliciosas y cogerte ahi entre todos,1,1
10,Jajajajajaja. ¬øY quien se lo dice A levantar bajas pasiones llega la Chichedipurrata con sus tetas de silicona. No nos equivocamos. Y nos lo confirma el borracho gre√±udo y apestoso.,1,1
11,Todo estaba bien aca en este maisal de Twitter   Pero aparecieron las feisbukeras ense√±ando el culo y las tetas y de jodio la cosa .,1,1
12,Jajajajja una bruja en mini falda,1,1
13,Vos tu madre vieja cerota.. Acabada y gustosa,1,1
14,Esta vieja bruja   @user fotoshop no la queremos ver ni en pintura; su asesora es defensora de pandielleros de la mara-13   dejaron en libertad a un pandiellero arenero condenado a 350 a√±os de prisi√≥n por un sin fin de mueres provocadas. ,1,1
15,Vieja bruja ya queria decir igual que cantinflas   el monistro y yo   jajaja se le doro el sue√±o jajaja,1,1
16,Xochil la mera bruja de la manzana,1,1
17,...La otra bruja con el gran lomo de cuche tapa al periodista   y como para el ocico...,1,1
18,Creo que el verdadero enojo del agresor fue porque vi√≥ a su mujer salir del sal√≥n con la misma cara de bruja con la que entr√≥. No hombre   si los salones de belleza no hacen milagros. El pobre se√±or de seguridad pag√≥ los platos rotos.,1,1
19,"Me recuerda el chiste del novio que fu√© a pedirle al suegro oficialmente las nalgas de su hija. √âste   indignado le dice ""¬°qu√© falta de respeto joven   querr√° decir   la mano de mi hija!"" El joven le contesta: ""¬°noooo   si de pajas ya estoy aburrido!""",1,1
20,Ustedes lo que quieren es pisar y pisar a lo vale verga para no preocuparse si salen embarazadas   ya que te saldr√≠a f√°cil abortarlo.,1,1
21, Esas leyes   que dizque protegen a las mujeres   son inconstitucionales pues ante la ley todos somos iguales.,1,1
22,Esta es una prostituta que presta sus servicios a la gente del puerto... la pasaron de alcohol y droga y se puso est√∫pida. Que pena para el sexo fuerte.,1,1
23,Los especialistas en hacer meme hagan un meme a esta Betty la fea,1,1
24,...A veces los hombres sufren y no dicen nada   con todas esas leyes las Mujeres sienten que el hombre no debe decir Nada.,1,1
25,Yo estoy contra la violencia sin importar el g√©nero. Lo que argumento es que ya existen leyes que nos protegen a todos los ciudadanos contra cualquier tipo de violencia. Este incidente es inaceptable   pero las leyes especiales lo √∫nico que hacen es empoderar a mujeres t√≥xicas.,1,1
26,Adem√°s de financiar al partido pol√≠tico @user que promueve aborto e ideolog√≠a de g√©nero   @user ahora dando m√°s muestras de su inescrupulosa forma de hacer negocios se vale de una tragedia como la guerra para publicitar sus productos.,1,1
27,Y las malqueridas   ¬øqu√© pas√≥? ¬øpor qu√© no dicen esta bocas es m√≠a? las que dec√≠an si se meten con una se meten con todas   ¬øqu√© pas√≥?,1,1
28,Esta @user est√° ardida porque no la pixo @user.,1,1
29,La ardida   t√≥xica   bola   droga   bochinchera   pandillera   irrelevante tambi√©n no tiene moral alguna,1,1
30,Yo no digo que @user sea un mal presidente   se preocupa por el pueblo   est√° demostrando ser un l√≠der   lo √∫nico malo que tiene es que es muy dram√°tico el vato   pura vieja ardida con su ex   a cada rato tweet y tweet peleando con la asamblea   ya sabemos que la asamblea es una mierda.,1,1
31,Si va como que si fuera vicha que se toman foto ense√±ando los calzones.,1,1
32,"Buenos d√≠as mis bachilleres ""oficinistas"" que se creen buen√≠simas   que se maquillan en el bus y usan calzones de abuela   su padre y Maestro os saluda",1,1
33,Que tengas una bonita noche   asi como las fotos en calzones que te tom√°s para tu ganado putita.,1,1
34,Vaya loka   ¬øcon cu√°l te identificas? Segu√≠ discriminando los comentarios   y repito son comentarios machistas para vos   no soy yo el machista y eso no me define como tal. Pero volvamos a lo mismo   ¬øcon cu√°l se identifican ustedes viejas fodongas?,1,1
35,"Por tu vestuario de loka",1,1
36,Te extra√±o pero por pisona ya no vuelvo con vos,1,1
37,Si se llama pamela y no es pisona fracas√≥ como mujer.,1,1
38,Ya se sabe el punto d√©bil   que la enoja a esta se√±ora   que le digan Gorda.,1,1
39,Que FEYA tu esposa @user esperaba mejores gustos habiendo tantas chicas del Alianza,1,1
40,Si la se√±ora es bien feya y modo pesado y a√∫n as√≠ se cree diva   es una cortes√≠a decirle un piropo,1,1
41,Te equivocas gorda feya te est√°n pidiendo a gritos q te vayas a la muy mierda,1,1
42,Q vieja puta mas feya!!!,1,1
43,Es como cuando no le haces caso a una puta por feya..se va con el primero que la agarre.. y despues anda hablando mierdas.,1,1
44,Si tu foto real no la pones porque sos feya con F de fundillo.,1,1
45,De linda ni el trasero tenes vieja feya,1,1
46,Me gustar√≠a darte por ese trasero   fuera un placer te sentar√°s en m√≠ cara.,1,1
47,Me encantar√≠a darte asi de rico,1,1
48,puedo hacerle mcuhas cosas a ese culo tan rico,1,1
49,¬øPor qu√© son tan bonitas y socadas?,1,1
50,Se la llevan de socadas y grandes mamonas las putas XD,1,1
51,"Hay mujeres q se la llevan de socadas.. Que ""hay yo no como platano"" ""hay yo soy virgen"" ""hay a mi nadie me toca"".. Esas son las mas putas!",1,1
52,As√≠ como se lo metieron a tu mam√°   all√≠ estaba a la par m√≠a mamando verga tambi√©n,1,1
53,Estas pendejas del orto que les gusta el puter√≠o la re puta madre,1,1
54,Si tienes plata es piropo   si sos acabado es acoso...,1,1
55,A esta @user le regalaremos una barra para que Baile y un canastito de Tomates. Es Bajera! que verg√ºenza esa Cueva de Ratas,1,1
56,¬øPara cu√°ndo un d√≠a del hombre?,1,1
57,en pelea de marido y mujer nadie se mete,1,1
58,‚ÄúTodas las mujeres nacieron para ser mam√°‚Äù,1,1
59,Se lo busc√≥ por andar vestida as√≠,1,1
60,Por que debe descalificar a quien no piensa como ud? Uds siempre andan hablando del patriarcado pero si alguien no coincide con sus posturas   se portan m√°s autoritarias que eso que reclaman,1,1
61,"¬øSer√° que en sus d√≠as mozos fu√© ""taibolera""? Aunque por el  nombre m√°s parece que fue bailarina de circo (nada malo en eso). Imag√≠nense el anuncio: ""damas y caballeros y ahora   desde el lejano oriente viene a la pista para deleite de todos Uds. ¬°Yaaahaaaira!",1,1
62,"La fuente de la violencia NO ES la masculinidad   es la ignorancia   la irresponsabilidad   el abandono.
Los que atacan a una mujer o ni√±o no lo hacen por ser masculino   lo hacen por bajeza humana y esto √∫ltimo se hace de cualquier pretexto para existir y autojustificarse.",1,1
63,El rol de madre lo da una mujer y el rol de padre un hombre...por razones naturales,1,1
64,El padre es responsable de la provisi√≥n   de la justicia de la disciplina   el orden   la madre de la cohesi√≥n   del cuido de los recursos   del apoyo emocional   uno aporta la masculinidad el otro la feminidad... en todo caso complementariedad,1,1
65,Todo lo explicado   sin ning√∫n respaldo b√≠blico   por eso la cr√≠tica   el hombre es la cabeza del hogar   as√≠ como Jes√∫s es la cabeza de la iglesia   y el hombre debe de tratar a la mujer como vaso fr√°gil   los hijos son guiados por ambos padres   ambos son necesarios en ambos sexos.,1,1
66,Y si la mujer gen√©ticamente tiene test√≠culos   pr√≥stata y expulse esperma por su pene que era cl√≠toris   hasta ah√≠ creer√© que una mujer es hombre en pocas palabras tus derechos terminan hasta que te metes con los m√≠os,1,1
67,Me da risa las ni√±as que siguen esperando que llegue el principe azul super guapo que las trate bonito s√≥lo a ellas ellas pero ellas contestan todos los mensajes y tratan a todos de beb√©   lindo   guapo y m√°s.,1,1
68,Las mujeres son tan complicadas que cuando se les aparece el pr√≠ncipe azul no es del tono de azul que ellas querian!,1,1
69,Galan fuera   si te ven buen vehiculo ya vas en algo pero si andas carcacha resta puntos y asi sucesivamente se va formando el principe azul en sus ojos y mente,1,1
70,El 95% en la barra del hotel son ni√±as de colegio privado con las hormonas a 100. Tambi√©n mucho chamaquito con pap√°s pudientes mirando mal. Me huele a fiscal y las c√°rceles aqu√≠ est√°n dif√≠ciles. Aunque tenga permiso   mejor me voy a dormir.,1,1
71,"Una mujer cuando quiere ganarse un puesto en la vida   se enfoca y esfuerza hasta alcanzarlo; no vive esperando que llegue un hombre para que le resuelva la vida.
Hoy en d√≠a; se ha confundido la violencia en general; cuando hay un crimen en contra de una mujer.",1,1
72,Que verg√ºenza que una persona de su nivel se tome en serio la tontear√≠a del relato feminista sobre el patriarcado del cual acusan al gobierno   al mismo que le piden leyes como la LEIV para que las proteja de manera privilegiada sobre los dem√°s ciudadanos,1,1
73,Y acaso con abortar le solucionan el problema a la menor abusada? Acaso con eso el agresor nunca lo volver√° hacer? Por qu√© no piden la pena de muerte para el violador o al pedofilo? Y que de las irresponsables que tienen sexo sin protecci√≥n? En ese caso que? Abortar no soluciona!,1,1
74,si muy posible las ninas ya de 12 por parte de la falta de educacion sexual como andan calenturientas igual que los varoncitos solo abrir las patitas y ya   Aqui en la USA les dan como tarea y con calificacion el cuidar un mu√±eco por un mes creo   y si lo dejan llorar   pierden,1,1
75,Una noche est√°va viendo un video por o en mi amaca lleg√≥ mi hijastra y se acost√≥ en la amaca con migo puso su espalda sobre mi pecho y sus nalgitas ya saben adonde   contin√∫e viendo el video con ella y luego. Seguimos viendo videos por momentos ella solo apretaba las piernas,1,1
76,En un cargo p√∫blico debe ser puesto el m√°s id√≥neo   no por lo que tiene entre las piernas! ,1,1
77,Y que cree que hacemos todos los d√≠as en este pa√≠s   inundado de odio   corrupci√≥n   mafias y maras... Es un estr√©s ir en el bus viendo de un lado al otro   ir en carro con vidrios cerrados y sin aire. Las mujeres NO se visten Indecorosamente por que eso atrae al hombre....,1,1
78,Ni las #mujeres son juguetes   ni los #hombres son cajeros autom√°ticos. #s√©panlo,1,1
79,"ElSalvador | Una mujer sorprendi√≥ a su pareja con otra dentro del carro   el hombre emprendi√≥ la marcha por las calles de San Miguel con ella subida en el hood. 
Mujeres   val√≥rense un poco m√°s   hay millones de personas en el mundo   ¬øporqu√© morir por una?",1,1
80,Sobre el aborto: ¬øY usted es cristiana? ¬øcree en Dios?,1,1
81,Pobre solterona no encuentra un valiente se ha quedado a protestar da l√°stima,1,1
82,Las ni√±as maduran antes que los hombres,1,1
83,Los hombres siempre piensan en sexo,1,1
84,Con lo guapa que es   es natural que la violaran,1,1
85,¬øC√≥mo no te van a contratar con ese cuerpo? Las mujeres lo tienen todo mas facil,1,1
86,Mujer prevenida  no le dicen mam√°!,1,1
87,La mujer se tiene que dar a respetar,1,1
88,Anda falda corta   provocativa y quieren que la respetan,1,1
89,Las mujeres no saben manejar,1,1
90,Los piropos son machismos galantes,1,1
91,"Ser√≠a chivo ver de esas mujeres al volante y darles paso   etc. Porque con las q me he encontrado manejando   a saber q   pero ""no hacen"" maniobras inteligentes   q digamos...",1,1
92,A que mujer le gusta que le cocine su marido ?,1,1
93,Era mujer de un palabrero,1,1
94,Marimacha toda aquella desafortunada mujer de tal apariencia que nunca ser√≠a violada,1,1
95,Cadena de oraci√≥n para que esta mujer que est√° obsesionada conmigo encuentre otro que le guste. La pel√≠cula atracci√≥n fatal se queda corta.,1,1
96,"Se√±ora...en donde poso mis nalgas   es un jard√≠n de rosas üåπ   para d√≥nde las pone Ud...
Mejor expl√≠quele al pa√≠s...¬øPor qu√© su hermana recibi√≥ decenas de miles de d√≥lares de la Partida Secreta de Tony Saca?...yo s√© por qu√©.
No sea bajera   no por ser mujer   sino por mala pol√≠tica",1,1
97,Tengo una leve sospecha ... @user me va denunciar por Violencia Contra la Mujer... por violentarlo a √©l.,1,1
98,¬øCree usted que discutir con @user pol√≠tica en Twitter es delito?...¬øCree usted que la conducta de @user de querer violar una mujer ...es comparable a discutir pol√≠tica en Twitter?,1,1
99,Esos juzgados especializados para los casos de Violencia contra la Mujer   son una red de favoritismos y selectividades   que operan en favor de los activismos partidarios y en pro del ‚Äúfeminismo radical‚Äù.,1,1
100,√âsta mujer es una roja rojita   terenguita les decimos con cari√±o   de esas que quieren enga√±ar y sorprender‚Ä¶el video que la @user p√∫blica es del a√±o 2010   cuando gobernaban sus l√≠deres ladrones que hoy son Nicarag√ºenses.,1,1
101,Por ellos votar√° el pueblo...nunca con un ‚Äúindefinido‚Äù...‚Äùabortista‚Äù y pusil√°nime como el que va por el partido que naci√≥ muerto...el partido que sacar√° ‚Äú0‚Äù diputados‚Ä¶,1,1
102,La mujer del Juez,1,1
103,Y despu√©s andan chillando estas perras,1,1
104,Les gusta tirar pero cuidadito con decirles algo   de buenas pol√≠ticas no tienen nada.,1,1
105,Y cuando les contestan   all√≠ andan haci√©ndose las v√≠ctimas   y poniendo demandas para enriquecerse f√°cilmente.,1,1
106,Despu√©s salen de ofendidas de maltrato a las mujeres cuando ellas son unas suripantas donde queda la igualdad y el respeto que predican esa mujer no me representa al contrario me da asco,1,1
107,Y despues te quejas que te agarramos de pato @user por odiosa q sos.,1,1
108,Las mujeres chucas   perversas   abusivas y dem√°s   abusamos de los hombres cuando tienen nuestras piernitas de pollo sobre sus hombres   porque aprovechamos hasta para meterle todo el pie en la boca ¬øno? ¬øSolo yo lo hago? Ok,1,1
109,Pobrecita ella. La hicieron pedazos y no aguanto ni una. Y as√≠ quiere ser diputada? Se vio en contra de quien esta ella   de la gente y su rabieta en televisi√≥n lo demostr√≥.,1,1
110,En esta 5ta Graduaci√≥n son en total 129 mujeres t√©cnicas electricistas de cuarta categor√≠a que a partir de este d√≠a tienen nuevas oportunidades para salir adelante en nuestro pa√≠s   estamos aportando al desarrollo de üá∏üáª. #TrabajandoPorElSalvador,1,1
111,Topela al cerco maitro,1,1
112,"Lo m√°s gracioso de todo   es que ella pretende ser una ""dama""   ""mujer digna y respetuosa"" y demuestra todo lo contrario‚Ä¶",1,1
113,Esta putas son unas arrastradas y as√≠ vivir√°n como parasitas viviendo de los mejores postores .,1,1
114,Por esas palabras discriminatorias demandelas don Walter pida unos cien mil porque le apuesto que si usted ubiese dicho eso lo demanda por maltrato a la mujer as√≠ que tambi√©n los hombres podemos demandar,1,1
115,Diecis√©is a√±os son tan pocos que yo deb√≠ volverme loco para que as√≠ llegara a amarte,1,1
116,"C√°llese do√±a que usted transgredio derechos de muchos cuando estaba en la IGPNC boca cerrada do√±a...
 Politizando la corporaci√≥n.",1,1
117,"Ustedes si pueden atropellar derechos de los dem√°s!!! Pat√©ticas 
 Respeten la gente que necesita trasladarse   no todos tenemos la paciencia de tolerar sus ridicul_eces",1,1
118,Y clarooo el derecho de uno inicia donde termina el otro!!! Tal como @user se la lleva de una protectora de los derechosss sin en 10 a√±os nunca hizooo nada por nuestra ni√±ez   charlatana!!!,1,1
119,Viejas chucas de mente y de todo.,1,1
120,Paja ustedes se le atravesaron al se√±or,1,1
121,Busquen trabajo viejas p¬•t@s.,1,1
122,Lo √∫nico interesante que esa se√±ora exhibi√≥ fue su escote,1,1
123,Me llamo a m√≠ mismo un feminista ¬øNo es as√≠ como se llama alguien que lucha por los derechos de las mujeres? Juan Perez,1,1
124,Los hombres somos in√∫tiles para la cocina y vosotras no juegan al f√∫tbol,1,1
125,Hay m√°s violaciones a hombres que a mujeres,1,1
126,Siga se√±or poniendo en entredicho a su mamita por no haber criado a un hombre de verdad. La mayor√≠a de sus seguidores que opinan como usted dan pena. Peleando con mujeres nannnbe.,1,1
127,A qu√© pendeja est√° y es periodista dice,1,1
128,Que es mari mach8 uds que critica otra mujer üö∫ mejor vaya a Rusia,1,1
129,Alguna mujer que tenga un gallo haciado   que huela a fabuloso lavanda,1,1
130,Las mujeres son como las hormigas cuando no son locas est√°n bravas.,1,1
131,Pero como voy a ser machista si me he criado rodeado de mujeres,1,1
132,Soy como dios   dejad que las ni√±as se acerquen a m√≠,1,1
133,Callada se ve mas bonita,1,1
134,T√∫ sabes que eras m√≠a   m√≠a tu misma lo dec√≠as cuando yo te lo hac√≠a.,1,1
135,Su ropa y su cuerpo convina a la perfeccion con mis sabanas y mi cama,1,1
136,El cuerpo de las mujeres esta mejor sin ropa,1,1
137,Los hombres tenemos la alegr√≠a para las mujeres en el cuerpo,1,1
138,El viento es el mejor aliado de los hombres porque levanta la falda de las mujeres,1,1
139,Las mujeres han robado las miradas de los hombres porque siempre la llevan puesta en el culo,1,1
140,Si ya perdiste la virginidad ya no tenes nada que perder,1,1
141,Las mujeres santuronas    les das un trago y te dan las nalgas r√°pido,1,1
142,Gran pupusa se le marca la compro grande,1,1
143,Le pusieron mucha levadura a ese pan,1,1
144,La llevara a un motel y la hiciera mi esclava,1,1
145,Me gusta lamerte los dos agujeros,1,1
146,Me gusta abrirte las piernas y lamberte toda,1,1
147,Eres esclava de mi cama,1,1
148,Qu√≠tate el traje y mod√©lame los pantys de Victoria Secret,1,1
149,Tu eres una diabla dentro de una mujer,1,1
150,Las mujeres depiertan al demonio y luego le tienen miedo,1,1
151,Si te lo meto no me llames   que esto no es para que me ames,1,1
152,Si tu novio no te mama el culo   yo te lo mamo,1,1
153,Baja para la casa que yo te lambo toda y te rompo toda,1,1
154,Yo quiero tirarme una foto con esas nalgotas,1,1
155,Tus gemidos de dolor me gustan mas que los de placer,1,1
156,Si tu cama hablara   se dieran cuenta que sos una puta,1,1
157,No hizo nada malo pero la tuve que castigar,1,1
158,Te voy a chingar y en la cama vas a gritarme que siempre me vas a amar y que soy el due√±o de tu cuerpo,1,1
159,Las mujeres se emborrachan y en cuatro se pone rapidito,1,1
160,Yo no entiendo cual es la jodedera con eso de feminicidios y cu√°l es la diferencia s√≠ es hombre o mujer   somos seres humanos y tenemos los mismos derechos sin diferencia de g√©nero   si no comencemos a hablar de Hombrecidios tambi√©n no ?,1,1
161,Solo a llorar llega. Insulta hasta al presidente   pero le dicen algo a ella te acusa de machista y te demanda. Se escuda bajo su condici√≥n de mujer   ahora dice que es perseguida ü§£ Bertonta,1,1
162,Mami   yo te piso y te aplico el freno,1,1
163,Yo tengo mil putitas   y a ti te bote y te olvide,1,1
164,Todas las mujeres invencibles que   a√∫n enfermas o cansadas   salen a buscar el pan de cada d√≠a.,1,1
165,Feliz d√≠a a todas nosotras.,1,1
166,Esta @user es la peor mierda que ha cagado este pa√≠s ,1,1
167,Vieja lambe c_ulo como no agarro hueso anda ladrando de enojada ‚Ä¶te acordas?,1,1
168,Esta solo pasa inventando leyes   a nosotros las leyes q nos interesa la de los Residuos   q ahi esta incluida ella...,1,1
169,Esta vieja que Jode    y que no tendr√° marido que le quite tanta buya,1,1
170,Nunca que te queda claro con la #Ladyhijadeputa si de verdad tiene algo que decir   o es una ni√±a diciendo √±o quiero √±o quiero y √±o quiero,1,1
171,Maitra! Mejor coma mierda solo ceroteses dice!!!!! Puta trabaje que para eso le damos de artar a usted y su familia!,1,1
172,Ella es una cualquiera,1,1
173,Son lesbianas   no les hagas caso.,1,1
174,Las muchachas usan minis faldas para que todos los hombres les vean la cucaracha,1,1
175,T√∫ eres una diabla   y mi bicho contigo hizo un pacto,1,1
176,Hay mujeres que no vale la pena quererlas si como ellas hay muchas,1,1
177,Mujer malvada desde tu mirada,1,1
178,El aborto no necesariamente tiene que ver con religi√≥n   basta tener respeto a la vida y valores. No podemos combatir un crimen   como la violaci√≥n   con otro crimen como el aborto. Nuestro derecho acaba donde comienza el derecho del ser humano en el vientre.,1,1
179,Prudencia Ayala   la primera mujer en Am√©rica Latina que aspir√≥ a la presidencia y a la que tildaron de loca,1,1
180,el hombre que golpeo a su mujer y ahora sacan hasta memes de eso. Desde cuando la violencia domestica es chiste? Y lo peor es que le dan fama a cualquier pendejo con tal haga el ridiculo. Hay que madurar como sociedad‚Ä¶,1,1
181,aguanta todo por miedo a quedarse sola,1,1
182,Esa nidia y sus rid√≠culas bufandas,1,1
183,Inmaginense a lo q hemos llegado gracias al PRESIDENTE DEL CAMBIO DEL FMLN a pagar para q le rellenen de Silicon el trasero de esa puta floja de la Mitchy habiendo tanta criatura urgida de un transplante de √≥rganos con alto riesgo de morir: no eso es condenable y aberrante?,1,1
184,Una alemana como esa adem√°s de resolverme la vida est√° linda!,1,1
185,Aportes al pais?? Si lo unico que ha dejado es la mordaza nuegado de la.violada menjivar,1,1
186,"Es una piruja porque se entreg√≥
 Y eso que enamorada
 El es un freg√≥n porque se la tir√≥
 Vi√©ndole la cara",1,1
187,Vieja el √∫ltimo,1,1
188,Okay   cosas que una mujer nunca tiene que hacer: Vestirse con una minifalda y salir a un bar   uno; ir sola   dos; ponerse a jugar billar donde obviamente levanta el trasero siempre y los hombres obviamente se calientan,1,1
189,Una mujer que se lo trague y pida mas,1,1
190,Hay mujeres que son unas frigidas insoportables,1,1
191,en esa boca le entra todo a esa chava,1,1
192,ya te imagino en la intimidad has de hacer cosas riquisimas   mamita,1,1
193,porque voy a respetar a mujeres que no denotan castidad,1,1
194,Y #ladyvaca aceptar√° heno como forma de pago???,1,1
195,"Y porq gritara est√° diputada @user ???
 Calmese do√±ita",1,1
196,Hay mijaaaa ud que se muere por una mamada,1,1
197,Las vamos a cazar una por una y las vamos a destazar,1,1
198,A mi este maje siempre me ha ca√≠do mal. Pero en si que hizo? Alguien expl√≠quenme. No creo que solo lo quieran quemar por el tiktok   ya que tambi√©n hay muchas chicas compartiendo el mismo relato del video.,1,1
199,El maje es bien pendejo la verdad   pero si ya saben con es √©l para que putas le mandan las fotos,1,1
200,Eso digo yo   quien es m√°s pendejo el @user o las que mandan fotos. Aprendan bichas no sean brutas‚Ä¶,1,1
201,Pooota esa bicha est√° sobrevaluada jajaja se cotiza.,1,1
202,En su momento alg√∫n militaron y la dej√≥ confundida jajaja jajaja,1,1
203,Esa mujer est√° bien fea  no quiere que los soldados manejen los buses porque es mareraüëΩüåéüé∂,1,1
204,Vaya echarse vieja rid√≠cula,1,1
205,"La t√≠pica vieja que sube fotos ""secsis""   con el vers√≠culo biblico. Porque pues   la bendita puteria",1,1
206,Pero si lo que paso con @User tambien es una forma de violencia hacia la mujer. O es que si no forma parte de tus amigas no deberia importar?,1,1
207,"¬øY la diputada de la comisi√≥n de la mujer   @user no se va a pronunciar con respecto al v√≠deo de @user donde promueve la divulgaci√≥n de material sin consentimiento? ¬øO las amenazas que han recibido algunas mujeres? 
 
 Solo cuando les conviene   ve√°.",1,1
208,Necesitan unas clases  cay√≥ redondita en la trampa  si necesitan ayuda  yo les puedo colaborar para que no les vuelva a pasar  con gusto les ayudare  env√≠eme mensaje privado.,1,1
209,Es tonto acusar a alguien por algo virtual   el tipo es un idiota y no lo defiendo   pero no te consta si es √©l   cualquiera puede hacerse pasar por otra persona y da√±ar su imagen incluso una imagen da√±ada como la de @user   pero puede ser cualquiera incluso feministas aprovech√°ndose,1,1
210,Seas mam√≥n como que fueras vieja,1,1
211,Lo que pasa que esa mujer es dama de compa√±√≠a Por eso analizar entes lugares y con hombres mayores,1,1
212,Es la dama de los viejitos jefes gerrilleros. Te lo dije chele te lo dije..,1,1
213,Se que es corrupta y ladrona ...PERO ESTA BUENISIMA LA CONDENADA.üòçüòÇüòÇ,1,1
214,Es una excelente trabajadora del oficio mas antiguo del mundo   por eso los TERENGOS   no podian presindir de sus servicios...üòÅ,1,1
215,Da la impression que ella era la Senora del servicio... De dormitorio,1,1
216,Se√±or lo felicito por que me hizo re√≠r que esa mujer por mas que se desnudo no vali√≥ de nada en El Salvador üá∏üáª todos la conosen y nadie la mira no importa ya no le den fama,1,1
217,@user   es una mujer que yo nunca recomendar√≠a en una Empresa   es igual que la Sra. @user   son mujeres degeneradas y baratas,1,1
218,"Estas en tu casa tan triste y tan sola  
 nada que hacer y estas pic√°ndote la cola.
 Yo te recomiendo para tu calentura
 que vayas a la tienda por un bote de pintura  
 consigas un mango   el mango de un hacha
 y luego te la ensartes en la cucaracha",1,1
219,"Fuiste m√≠a  
 s√≥lo m√≠a  
 m√≠a   m√≠a  
 cuando tu piel era fresca
 como la hierba mojada.",1,1
220,"Fuiste m√≠a  
 s√≥lo m√≠a  
 m√≠a   m√≠a  
 cuando tu vientre era a√∫n
 una colina cerrada.",1,1
221,"-Pero si esta dormida tambien es violaci√≥n?
 -Si   osea no puedes coger con alguien que no esta conciente para darte su permiso   ya estan bien estrictas con esas mamadas jajaja y se duerme la despiertas porque no puede despertar ya cogida",1,1
222,Resulto Una puta   una zorra   una Wila  una golfa   una perra enferma   maldita Gamberra   una pelandusca   una Fronta una Bruja   estaba reloka por dios. Que piruja‚Ä¶,1,1
223,Pinche Lupita   te fuiste con Juanita   nom√°s te gusta andar atr√°s de puras se√±oritas   Marimacha tras las muchachas‚Ä¶,1,1
224,Siempre es el mismo problema porque a diario se repite me dan ganas de golpearte y as√≠ buscar mi desquite‚Ä¶,1,1
225,Eres como una rueda en el aire por eso vas a chingar a tu madre por eso mi amor te olvida   cabrona jodida mujer ofrecida‚Ä¶,1,1
226,"Y vuela cerca del sol
 Pa' que sientas lo que es dolor
 Ay   mujer c√≥mo haces da√±o
 Pasan los minutos cual si fueran a√±os
 Mira   estos celos   me est√°n matando
 Ay   mujer qu√© f√°cil eres",1,1
227,"Tu reputaci√≥n
 Son las primeras seis letras de esa palabra
 Llevarte a la cama era m√°s f√°cil que respirar
 Tu tel√©fono es de total dominio popular
 Y tu colch√≥n tiene m√°s huellas
 Que una playa en pleno verano
 Has hecho el amor m√°s veces que mi abuela
 Y a√∫n no acabas ni la escuela",1,1
228,"Dicen por ah√≠   que tu terrible fama de ligera
 Ha venido a pintarme un par de cuernos en la mollera
 Que tengo que sacarte del barrio y del pa√≠s
 Si es que quiero darle a esta historia un final feliz",1,1
229,Ese es su nuevo trabajo de aconpa√±ante o en pocas palabras de piruja privada,1,1
230,"¬øC√≥mo que no va hacer nada? seguro que ""boca come cola paga..."" o ¬øno?",1,1
231,Hay que ser claros en esta asunto y no Somos ni√±os para ignora que esta colocha llego a ese puesto por favores sexuales y no por inteligente ni tampoco por burna trabajadora,1,1
232,"08/03: Mostrar mi desd√©n por la cosificaci√≥n de la mujer
 09/03: Esperar con ansias el concierto del bato que dice: ""Shorty tiene el qlo bien grande   de-demasiado grande   y yo lo tengo estudia'o   ya mismo me grad√∫o   y en la cara me lo tat√∫o.""",1,1
233,Chucha en brama,1,1
234,Nunca fue buena comunicadora   es un poco pesada   y como dec√≠a la Tenchis nada agraciada. Quiz√°s lo √∫nico bueno que hizo ser presentadora junto al Gordo Max en un programa de concursos.,1,1
235,Su experiencia no se le cuestiona   pero si la coneccion de su esposo y su contratacion a su cargo. Consejo renuncie al cargo.,1,1
236,"Contrataciones a cargo de el? De verdad creen q el me contrato? Por Dios mas de 25 a√±os de carrera desmerecen q vean mi CV y me contraten por capacidad?
 Q dif√≠cil hacerlos entender q el trabajo duro de a√±os tiene efecto ..no necesito favores de nadie!!",1,1
237,esta mujer fue agredida por su marido   debido a sus amistades lesbicas   ella erredo su matrimonio,1,1
238,que baile¬° y luego se quejan que les faltan el respeto   doble moral   asi fueran buenas para limpiar y cositas,1,1
239,para mi esa @user atenta contra la seguridad de 7 millones de habitantes y eso es un acto de terrorismo. Atacar a un estado honesto y defender con su silencio a los financistas de terroristas debe ser un crimen.,1,1
240,"""chucha en brama"" ",1,1
241,"Son las mujeres de los l√≠deres de la MS de La Iberia y trabajan en la alcald√≠a de San salvador, la √∫ltima es la mujer del Maicon palabrero de la Iberia y lleg√≥ de gerente en el distrito 6 de la alcald√≠a.",1,1
242,Lo √∫nico que le puedo decir es que yo a quien si veo que va a trabajar a ese lugar es a la mujer del palabrero. Y ni estudiada es. Ella cortaba pelo en la casa. Y desde que se junto con √©l consigui√≥ ese puesto cuando entro @user,1,1
243,"En apopa .
 Asta la alcaldesa tiene buenas amistades con las pandillas .
 Ese es un secreto a voces y nadie hace nada..
 Que pasar ahi.?
 Que acuerdo tendran con ella que no la remueven.?",1,1
244,Las diputadas y las feministas me las paso por la corbata,1,0
245,Ella solita se delata en su perfil! Mancha paredes   feminazi   abortera y bruja! ¬øY esta es la oposici√≥n?,1,0
246,Haraganas revoltosas abortistas q no tienen nada q hacer,1,0
247,"‚Äúni machismo ni feminismo. No me gustan los extremos"".",1,0
248,A m√≠ ese feminismo de odiar al hombre no me representa,1,0
249,Esta lucha del feminismo no va conmigo,1,0
250,Si fueras feminista de verdad te quejar√≠as de la ablaci√≥n o de la esclavitud infantil y no de tonter√≠as,1,0
251,El feminismo es una moda,1,0
252,Lamentablemente las f√©minas organizadas nacional e internacionalmente son manipuladas de forma prepago para chantajes econ√≥micos y pol√≠ticos.,1,0
253,La dictadura del matriarcado a comenzado,1,0
254,De lo que usted habla papa es del hembrismo que es lo que disfrazan muchas personas de feminismo   el hembrismo es la otra versi√≥n del machismo   el feminismo est√° bien las otras dos no,1,0
255,Muchos dir√≠amos que es al rev√©s: la Ideolog√≠a de G√©nero busca evitar que nos expresemos contra la heterofobia   el hembrismo   contra el aborto y feminismo radical al que quieren someter a la Mayor√≠a.,1,0
256,Jajajaja aprovechando que tu coment esta fuera de contexto.... contame porque no hay ninguna feminista rid√≠cula en ucrania protestando por la muerte de ni√±as y mujeres... ah√≠ no llega la sorosidad o que ondas? Ustedes y su asqueroso chiste feminista dan pena...,1,0
257,"Como queda de mas este tipo de actos de vandalas y resentidas sociales que recurren a la violencia a quienes no tienen vela en este entierro.
Mejor vayan a cantarles esto a los politicos y no hagan ridiculo con su estereotipo sexista.",1,0
258,"Y lastima que la humildad y pocos recursos no le quiten lo feminista sexista y sobre todo lo ignorante a las disque ""mujeres""",1,0
259,¬øLas feministas tambi√©n van a cobrar los $300 del estado opresor?,1,0
260,Jajaja las pinches feministas todo es ataque para ustedes as√≠ de inservible su pensamiento,1,0
261,"No hable kk maitro. Eso es una falacia feminista. Las mujeres ganan menos   porque trabajan menos.

Y la mayor√≠a no aceptan trabajos que hist√≥ricamente lo han hecho hombres por la responsabilidad que conllevan.",1,0
262,"Reducci√≥n de la violencia contra las mujeres   y sin necesidad de las marchas destructivas de las ""feminazis""",1,0
263,"Ya veo a las feminasis las t√≥xicas y algunos ""hombres"" creando el Hastap #SiHayViolenciaContraLaMujer y tambi√©n #bukelemiente",1,0
264,Feliz d√≠a a las mujeres que exigen los mismos derechos para las mujeres y para los hombres y no ‚Äútrato preferencial ‚Äú   para las que quieren leyes que castiguen a los delincuentes sean quienes sean #Luchadoras #Fuertes #NoALaIdeolog√≠aDeGenero,1,0
265,Me encanta ver la reacci√≥n de cucarachas rociadas de Baygon   cuando uno critica una publicaci√≥n de feministas resentidas.,1,0
266,Es grande la necesidad de amor que estas mujeres feministas tienen.,1,0
267,Ni machismo ni feminismo   igualdad,1,0
268,Despu√©s se quejan las feminazis de que las ofenden. ¬øNo ser√° que se han puesto de acuerdo para sacar dinero a la gente?,1,0
269,@user es una tipa con problemas sicologicos y no es superior en nada y a nadie de que hablas? Es una feministas de cart√≥n con ideas est√∫pidas de una sociedad que no existe Cual humillaci√≥n?.....por favor si las cosas se toman de quien vienen,1,0
270,El feminismo no ayuda a nuestras sociedades y hace que el masculin√≠simo tome represar√≠as,1,0
271,Pobres putas marimachas y adem√°s cogionas !!!,1,0
272,"Celebrando el d√≠a de la mujer y oyendo perreo   comprando boletos para #BadBunny donde solo son letras de ""canciones"" que denigran a las f√©minas. Convirti√©ndose en asesinas de seres indefensos... ¬°Feliz d√≠a ""mujeres""",1,0
273,Son manes aunque se vistan de viejas jejeje,1,0
274,No se espera menos del feminismo   mintiendo sobre la muerte de @user.,1,0
275,Pues ah√≠ si ya existido una candidatura de mujer para la presidencia que no haya sido del partido pol√≠tico que ellas las feministas quisieran es otro pisto inclusi√≥n laboral si existe no s√© quejen la mujer en la pol√≠tica ya est√° incluida y en muchos √°mbitos laborales,1,0
276,Y muchas de esas mujeres van a ir a ver a su conejo malo   para q las trate de Put@s y ella coreando sus canciones y gritando cada vez q lo hace. En fin la hipocres√≠a en su m√°xima expresi√≥n.,1,0
277,Feministas ??? Lesbianas y maricas ??!! Poctaaaa!!! Que asco !!!,1,0
278,La hipocres√≠a en sus consignas #VivasNosQueremos #NiUnaMenos es tal que insitan a las madres a matar a sus propias hijas desde el vientre. #FeminismoHipocrita #ElSalvadorEsProvida üá∏üáªüíô#SialaVida,1,0
279,estas son un monto de feminazis descerebradas q no les interesa insultar a otras mujeres! Es una banda de locas q son manipuladas para da√±ar! Estos movimientos son nefastos! #NoALaIdeologiaDeGenero #NoALasFeminazis #NoAlLenguajeInclusivo,1,0
280,Exacto   buen termino   yo nunca he visto que las han agredido. No solo por ser mujer no les puedes decir sus adjetivos   esa tonter√≠a del feminismo hace ver que solo por ser mujeres uno no les puede decir sus verdades. De hecho si quieren igualdad es igualdad en todo aspecto,1,0
281,Que pedo con las odia hombres o cualquier individuo peneportador jajsj,1,0
282,La mayor√≠a de feministas en El Salvador son m√°s show que lucha por una vida m√°s justas para las mujeres ü§∑üèª Se dijo y se ten√≠a que decir.,1,0
283,No son feminista..son pendeja...as,1,0
284,Esas pedorras falta de hombre es que est√°n,1,0
285,"Feminismo ""a-la-carte""   pero de los dos bandos eh.",1,0
286,Las cuerpas payasas mamierda jajaja,1,0
287,Porque no son feministas son activistas solo con escucharlas y ver su comportamiento dejan mucho que desear seg√∫n ellas insultar a otras mujeres estuvo bien osea yo te puedo insultar pero tu no doble moral hip√≥critas vulgares rid√≠culas no tendr√°n algo mejor que hacer,1,0
288,La generacion de los ofendidos   las feminazis y los medios comunistoides y progres   vayanse a la reverenda.,1,0
289,Dan asco las feministas radicales como t√∫   ni cuando matan a una mujer se ponen asi estas majes   funando a un 0te que le gusta llamar la atenci√≥n.. sos un chiste mje.,1,0
290,"Con todo respeto, l√©ase a usted misma.
Usted, mujer, feminista, justifica y defiende a un hombre que se hace pasar por ""ni√±a"" para dejar toda la carga de crianza de hijos a su esposa.
¬øQu√© clase de feminismo practican ustedes?
Feminismo es defender la feminidad de la mujer.",1,0
291,S√≥lo un imb√©cil golpea a una mujera para que obedezca. Si la amenzas con matar a su mam√° obedece m√°s r√°pido.,1,0
292,Pregunta seria: Se le llama ACOSO   cuando te escribe la persona que no te interesa. Pero cuando tu escribes y hostigas a la persona que s√≠ te interesa ¬øSigue siendo acosoo no?,1,0
293,¬øQue pas√≥ @user? ¬øPara cuando el comunicado condenando las acciones del mis√≥gino de @user? ¬øNada que decir? ¬øCalladitas?,1,0
294,"Las zorras te insultan pero si t√∫ les dices algo es femenicidio y hay hasta demandas pero ni a√∫n as√≠ pueden ganar",1,0
295,Fea esa zorra de pelo rubio,1,0
296,Pobre vieja est√∫pida sabes perfectamente que los precios del combustible no los controla el gobierno o acaso tenemos pozos de petr√≥leo o plantas de sus derivados para poder tener control de esos precios fueras m√°s fea fueras m√°s pendeja.,1,0
297,Que necesitas una esposa y varias putas para tener balance en tu vida.,1,0
298,La burra en vez de arreglarse las tetas    se hubiera arreglado la geta.,1,0
299,Si el mi√©rcoles es el #OmbliguitoDeSemana y la semana es f√©mina   por lo tanto me gusta m√°s el jueves porque vendr√≠a siendo su culo o su co√±o   recuerden: ‚Äúya va de bajada la semana‚Äù. Si fuera para arriba ser√≠an las tetas   a m√≠ no me gustan pero siempre es mejor el jueves.,1,0
300,"Iba a escribirle a alguien: ""muy buenas tetas y tremendo culo   muy bonitas ambas cosas‚Äù Pero ya luego te bloquean y te dicen pat√°n y otro mont√≥n de insultos. Si subes fotos de escote con zoom en los correspondientes y luego una foto de espalda resaltando el ass ",1,0
301,"En mi libro ""jalan m√°s un par de tetas que un par de carretas"" explico el poder que tiene la mujer sobre el hombre.",1,0
302,Invitar a salir a una mujer y que autom√°ticamente piense que nos la queremos coger   es un pensamiento feminazi. Aunque si   pero pues no.,1,0
303,...Si ustedes son las brujas que mis ancestros no pudieron quemar   entonces yo ser√© el inquisidor que las perseguir√° hasta verlas en llamas... ¬°La √∫nica bruja que porta luz es aquella que arde en una hoguera! ¬°Am√©n!,1,0
304,Semejante GUSANO pedile perd√≥n a  tu mam√° por bruja y sapa!!,1,0
305,Es una diputada malvada e indeseable. ,1,0
306,Esa vieja bruja diab√≥lica mejor hubiera regalado a la criaturita   viva deber√≠an quemar semejante bestia,1,0
307,"Mujeres   lleg√≥ la hora del almuerzo y deben cocinarle a su marido   porque la Convenci√≥n de Ginebra dice que:
""Todo prisionero tiene derecho a una comida caliente""",1,0
308,"Si lo vemos en perspectiva   los tacos son una comida completamente balanceada... 
- otro de lenguita amors... 
- *la bicha se emociona* 
- le dec√≠a a la mesera   bicha calenturienta",1,0
309,Si esa maldita p√©cora t√≥xica exige respeto que comience por respetar. Se creen los due√±os del pa√≠s y tratan al ciudadano com√∫n como basura.,1,0
310,El man ya parece   aquella nana luchona que no supera al ex que la dej√≥ con 2 bendiciones   que son la cagada de √©l y que se fue con otra vieja   lo vive maldiciendo y echandole la culpa de todo lo que le pasa,1,0
311,Si meten con una se meten con todas decian las malqueridas en la campa√±a anterior.,1,0
312,Se supone que todas esas caritas son de las dignas   ya me met√≠ en problemas y me acusar√°n por ser hombre y por maltrato femenil.,1,0
313,Me cagan las majes que se la llevan de dignas cuando ya todo el mundo sabe que les fascina la mazorca.,1,0
314,Cuando una mujer dice que No es NO   ni modo me toc√≥ estudiar el doble para que no me dejara la materia,1,0
315,Vos sos puta est√°s ardida porqu√© no te agarraron los calzones.,1,0
316,Calzones mata pasiones.,1,0
317,Si usted sue√±a con el diablo en calzones usted lo quiere es coger se√±ora.,1,0
318,Este tuit de la @user es culpa de la frente que se maneja   le ocupa m√°s espacio que el cerebro...,1,0
319,A toda perra malnacida y venenosa le llegar su turno.,1,0
320,M√°s pendeja   venenosa y repugnante no pod√©s ser...,1,0
321,Ya ponete a dieta @user est√°s tragando mucho...,1,0
322,Ardido qued√≥ el Borracho-Drogo porque no se las prest√≥ a √©l. Ni cosquillas le hubiera hecho a la Golosa Afro-Salvadore√±a,1,0
323,Visceral la hormonal menopausica esa.,1,0
324,T√≠pico que cortan y sales como locas desatadas en busca de nuevo masho.,1,0
325,Maldita Gorda fondonga HDP que no se apresura y la Pendeja que atiende tampoco,1,0
326,Aparte de sus fracasos como Alcaldesa de San Salvador   y como Ministra de Salud   esta vieja si que es feya!,1,0
327,"Es que de forma general es muy dificil aunque no imposible   les detallo : Una mujer bien ""feya"" que quiera que un super guapo le haga caso o una Mujer Bonita que se deje de un viejo o marero   indiscutiblemente se trata de interes por dinero. Si hablamos de Amor es en otro planeta",1,0
328,Pocta...asi como es de feya es de pendeja....,1,0
329,Feas y socadas nadie las quieres... jajaja,1,0
330,Ya ten√©s un hijo   ya nadie te va a querer as√≠,1,0
331,Solo las mujeres son fieles,1,0
332,¬øQue los hombres no sufrimos discriminaci√≥n? Ja   hay empresas en las que solo contratan mujeres y ante eso nadie dice nada,1,0
333,D√≠ganle a las feministas que estas si son verdaderas mujeres.  No solo luchan por su pa√≠s   sino tambi√©n por su hogar,1,0
334,El coquero y la zorra en guerra?,1,0
335,"- ¬°Pelea de mancos! @user y la Colocha del @user se tiran indirectas en Twitter
- Un mes les doy para que se la ande trasquilando el bolo ma√±oso ya ver√°n",1,0
336,Tanto drama.. por algo que los salvadore√±o es normal gorda   seca   chele   negro   bicho   animal   cipote...,1,0
337,2 horas de pleitos y dime que te dir√©...pobre gorda bailadora....que devengue y empiece a trabajar...,1,0
338,Esa cerda necesita un anillo en el hocico   mucho bla bla no m√°s puro veneno expulsa la cerda,1,0
339,bruta.... pelionera,1,0
340,Ser mam√° es lo m√°s lindo de ser mujer,1,0
341,Los hombres son m√°s raz√≥n y las mujeres m√°s emoci√≥n,1,0
342,Esa mujer no es para casarse.,1,0
343,El patriarcado es hermoso,1,0
344,Ni licuadas sale una. Con el perd√≥n que me merecen las mujeres de este medio. Pero   esto es un punto y aparte... REPITO   las disculpas del caso a las f√©minas del tuiter.,1,0
345,Cocinar es √∫nica y exclusivamente actividad que corresponde a las mujeres. Los hombres no tenemos por qu√© estar metidos en la cocina. ,1,0
346,Respondiendo a @user. Un art√≠culo sexista marginativo y estigmatizante    ya q s√≥lo incluye a la mujer dejando fuera al hombre   al ni√±o   al adolecente y violenta el principio constitucional de igualdad de g√©nero    pobres diputados necesitan de la sala anterior.,1,0
347,La familia es mam√°   pap√° e hijos...no hay diversidad de roles son √∫nicos   el resto es acomodar lo que queremos,1,0
348,& luego te das cuenta que principe azul & barba azul son el mismo. & no puedes amarlo   a menos que ames sus dos versiones,1,0
349,Te aseguro que si el hombre fuese soltero   ya anduvieran perriando por ofrecidas   ah√≠ ser√≠a su pr√≠ncipe azul.,1,0
350,Mejor mantenga las piernas cerraditas y sepa elegir hombre no solo se deje llevar por la calentura.,1,0
351,"Las mujeres ""Bonitas"" no tomanüç∫   no fumanüö¨   no dicen groser√≠as",1,0
352,Por favor no normalicemos que las mujeres somos v√≠ctimas de los hombres cuando nosotras tambien somos unas hdpt bien hechas. Maltratamos   mentimos   etc   y los hacemos sentir culpables de cosas que no son!,1,0
353,Necesitamos mujeres en la pol√≠tica. Las mujeres si podemos y tenemos la capacidad de transformar nuestro pa√≠s,1,0
354,¬øC√≥mo que no quieres tener hijos? Si eso es lo mejor que te puede pasar. Para eso naciste   para traer vida al mundo. Ya se te pasar√° a los veintitantos y ver√°s que estabas equivocada,1,0
355,Las mujeres que buscan ser iguales a los hombres carecen de ambici√≥n.,1,0
356,perd√≥n mujeres   pero los hombres estamos heridos,1,0
357,Bertoxica   mitad mujer   mitad vivora,1,0
358,Las mujeres. Pucta.. Complicadas... Pero quien vive sin ellas... Son √∫nicas y no reemplazable..,1,0
359,"Hay mujeres que tocan y curan   que besan y matan  
 hay mujeres que ni cuando mienten dicen la verdad  
 hay mujeres que abren agujeros negros en el alma  
 hay mujeres que empiezan la guerra firmando la paz.",1,0
360,Tus tetas quizas siguen duritas   Pero eso tambien cambiar√°. Lo que tendrias qe ir viendo como vas a tratar es la falta de astusia para eso no hay maquillaje ni botox. Cria de 22 y con ma√±as de una momia.,1,0
361,Amargada   te falta buen sexo,1,0
362,A una usuaria: mucha putita siliconada que apenas saben hablar. Viva TCS,1,0
363,hay mujeres que por envidia o inseguridad no aceptan la belleza de otras mujeres y eso no debe ser asi,1,0
364,En gran manera multiplicar√© tu dolor en el parto   con dolor dar√°s a luz los hijos; y con todo   tu deseo ser√° para tu marido   y √©l tendr√° dominio sobre ti,1,0
365,Pues el hombre no debe cubrirse la cabeza   ya que √©l es la imagen y gloria de Dios; pero la mujer es la gloria del hombre. Porque el hombre no procede de la mujer   sino la mujer del hombre.,1,0
366,Vieja   loca y puta. El combo,1,0
367,Mujer salvadore√±a que se respeta sabe hacer las respectivas pupusitas!,1,0
368,Yo soy hombre y la ni√±a se me ofreci√≥   al que le dan pan que llore,1,0
369,Calladita estas mas bonita,1,0
370,A este ni√±o hay que llevarlo a debutar,1,0
371,"""No te pongas esta falda""  ",1,0
372,Dice que no pero queria decir que si,1,0
373,Las mujeres manejan mal,1,0
374,Hay mujeres que Dios m√¨o   apartalas de mi camino!,1,0
375,Pero les tengo paciencia   recuerden son mujeres!,1,0
376,Tu √©xito laboral depende de tu escote,1,0
377,corres como ni√±a   tiras como ni√±a,1,0
378,La mat√≥ por celos,1,0
379,Sino quieres que te traten los hombres como UNA CUALQUIERA   no te vistas ni te comportes COMO TAL.,1,0
380,Esta mujer pasa pendiente de mi todo el d√≠a. Son las 6 de la tarde y sigue. Despu√©s sal√≠s llorando y haci√©ndote la ‚Äúvistima‚Äù. Desde la ma√±ana amaneces pensando en mi y te acostas igual.,1,0
381,"Ahora que una ‚Äúindividua‚Äù de los suyos   suyas o suyes (acepciones aberrantes) ‚Ä¶difama a una mujer diputada‚Ä¶ ¬øQu√© har√°n reverendos falsos?
 
 Son mierd4‚Ä¶",1,0
382,A estas viejas chusmas   t√≥xicas y prepotentes  les gusta ofender   insultar y cuando se les contesta   corren a poner demandas y a llamar a los derechos humanos para q las defiendan. Dan asco estas ‚Äúdivas‚Äù Me d√°n verg√ºenza  como mujer no me representan,1,0
383,una burra puede finjir ser una yegua   pero tarde o temprano rebuzna ..,1,0
384,Calmate   put4 del Zurita.,1,0
385,"Si Hillary no puede satisfacer a su esposo   ¬øc√≥mo pretende satisfacer a Estados Unidos?""   Donald Trump",1,0
386,El primero que compar√≥ a la mujer con una flor   fue un poeta; el segundo   un imb√©cil,1,0
387,"Ahora mismo las chicas se dividen entre las que saben perrear y las que no saben perrear""   Pablo Motos",1,0
388,‚ÄúNunca te patear√© de nuevo‚Äù   dijo   acerc√°ndose y besando mi mejilla. ‚ÄúSolo haz exactamente lo que te digo que hagas y nunca m√°s tendr√© que patearte,1,0
389,Hijo de mi hija mi nieto sera   hijo de mi hijo   no se si ser√°,1,0
390,Pero la insugnificante y mediocre chayotera se crey√≥ una Cherlock Holmes.,1,0
391,Tambi√©n la agr√≥noma de Ciudad Arce   gran pasmada es. Antes fue roja.,1,0
392,Estas picada ni√±a se te nota en tu cuerpo.,1,0
393,Vos anda ve quien te pisa mejor vieja puta,1,0
394,Sos una hdp . Si queres respeto respeta pinch puta,1,0
395,CORRUPTA!!! SOS UNA INUTIL QUE ESTAFASTE AL PAIS COBRANDONOS POR NADA   CORRUPTA!,1,0
396,Para variar‚Ä¶ cree q poniendo fotitos se le quita lo tarada! Why? Xq no tiene cerebro para debatir‚Ä¶ con argumentos v√°lidos e inteligentes!,1,0
397,‚Äúhagan el oficio‚Äù,1,0
398,"""busquen marido""‚Ä¶",1,0
399,"""deber√≠as de quedarte en la casa cuidando los ni√±os""..",1,0
400,"""la cocina es par las mujeres""..",1,0
401,Si las malas palabras y boca de cloaca que tienen esas tartuzas es legitima defensa de las mujeres para otras mujeres.,1,0
402,despu√©s no anden de lloronas que la ley no las protege   se aguantan que les dejen de lado la quijada... al estilo de Gabriela   la conocen verdad??,1,0
403,Sino has tenido una negra en tu cama fracaseste con tu pito,1,0
404,Las mujeres deben honrar el don la obediencia,1,0
405,Yo tengo una novia que tiene un espectacular y hermoso cucu    pero es mio,1,0
406,Esa mujer se ve bien correteada   no le da verg√ºenza haberse casado de blanco    con velo y corona,1,0
407,Un macho que se respeta hace pagar una infidelidad,1,0
408,Las mujeres provocan al diablo y despu√©s se quejan de el,1,0
409,"¬øQu√© tiene la mujer una vez al mes y les dura tres o cuatro d√≠as? El sueldo de su marido""",1,0
410,Yo soy hombre la que pierde es ella por ser mujer.,1,0
411,A huevo tiene que aguantar no para eso es mujer.,1,0
412,Los hombres no lloran   porque no son mujeres.,1,0
413,La mujer para estar buena   tiene que tener buenas piernas y ser bastante tetona.,1,0
414,Yo s√© que mis ex mujeres extra√±an como yo las tocaba   porque les conozco todo el cuerpo,1,0
415,No te hagas del rogar s√© que te mojar√≠as si te toco   porque se te nota lo caliente y fogoza que sos,1,0
416,Mujer que le gusta tomar y fumar es prestadora de culo.,1,0
417,Esta m√°s kilometrada que una carretera.,1,0
418,Las mujeres bravuconas   solo necesitan un marido que le d√©   con todo y que le baje el mal humor y la calentura.,1,0
419,Esa foto esta para follar en nombre de ella.,1,0
420,Macho que se respeta sabe dominar a una mujer.,1,0
421,A la mujer ni todo el amor   ni todo el dinero.,1,0
422,Entre m√°s orgullosa la condenada m√°s cogida ha de estar.,1,0
423,Son pendejos los que votaron por mujeres en las elecciones pasadas    se arrepentir√°n   porque a las mujeres no se les puede dar poder   se enloquecen y quieren valer m√°s que uno las ilusas.,1,0
424,Si se pone mini faldas es porque quiere que la vean y la cojan.,1,0
425,Tontos porque les dan poder a las mujeres,1,0
426,Saludemos a las diputadas que se la pelan a @user,1,0
427,A las mujeres hay que ense√±arles respeto en la cama hay que educarlas.,1,0
428,Naci√≥ ni√±a art√≠culo para caballeros.,1,0
429,Solo con verla como se viste se le ve en la cara lo golosa para el sexo.,1,0
430,Se hace la que no me conoce pero en mi cama tiene vicio.,1,0
431,Me la como entera y nadie se entera solo un par de amigas.,1,0
432,Las Mujeres son para estar en la casa.,1,0
433,Macho alfa tiene muchas mujeres.,1,0
434,Esta floja y fea.,1,0
435,La mujer es desahug√©,1,0
436,La tienes para limpiar y tus hijos parir.,1,0
437,soy su macho que te engrandece y te da valor.,1,0
438,Estas no son horas de llamar solo que me la quieras mamar,1,0
439,Me vas a ver con otra y te vas a morder el trasero.,1,0
440,esta noche quiero que seas mi reh√©n   te crucificare haci√©ndote mujer.,1,0
441,necesito una rubia que tenga grandes las tetas y quiera que se la meta.,1,0
442,Yo a ti te martillo y te doy lo que pides,1,0
443,Tus ojos son como dos sartenes cada vez que me miras se me fr√≠en los huevos,1,0
444,La mujer que no quiera que la frieguen que se compre un vibrador,1,0
445,Mujer bonita no tiene nada en el cerebro   vale solo por lo que puede dar,1,0
446,Ni ba√±√°ndome se me quita todo lo sucio que quiero hacerte,1,0
447,Las mujeres tienen una mina de oro entre las piernas,1,0
448,El cuerpo de la mujer siempre pide un revolc√≥n,1,0
449,Dame una sola raz√≥n para no violarte,1,0
450,Quiero meterle mano a semejante maquina,1,0
451,Yo no quiero oro ni plata solo quiero el tesoro que llevan entre tus patas,1,0
452,Quiero ser tu profesor de tercero para pasarte al cuarto,1,0
453,Quisiera ser tarzan para andar de rama en rama hasta llegar a tu cama,1,0
454,Quiero extraer todo el n√©ctar que hay en tu flor,1,0
455,Mamita jueguemos al 42 tu te pones en cuatro y yo en dos,1,0
456,Las mujeres tienen el poder de poner tieso lo que no tiene hueso,1,0
457,Que bonita maseta para sembrar mi chile,1,0
458,Quisiera se mariachi para tocarte la cucaracha,1,0
459,Quiero hacer nido en tu agujerito,1,0
460,Mi vecina es muy caliente y provocativa,1,0
461,Estas bien deliciosa para comerte bebe,1,0
462,Esta mujer es un bombon   un rico pastel,1,0
463,Quien en verdad te ama te la mama,1,0
464,Estas como para llevarte a trapear la casa,1,0
465,Coraz√≥n de melon te espero en la cama sin pantal√≥n,1,0
466,en el corral de mi coraz√≥n tu eres la mula que mas patea,1,0
467,No le cierres las piernas a quien te abri√≥ su coraz√≥n,1,0
468,Soy zapatero y quiero clavarte la puntilla,1,0
469,Soy busero   s√∫bete en la parada,1,0
470,Quiero destaparte el agujero,1,0
471,Estas alterando la paz de mis pantalones,1,0
472,Ya estaba m√°s recogida que una perra en celo,1,0
473,Quiero chuparte todo de pies a cabeza,1,0
474,Las mujeres con regalos que uno mismo se compra    porque todas son interesadas.,1,0
475,Entre m√°s vieja m√°s sabrosa la condenada,1,0
476,La cara no le ayuda es de poner almohada   pero el cuerpo la levanta,1,0
477,Me gusta tu cara cuando entra entero,1,0
478,Ese culo se merece todo,1,0
479,Entre esas piernas tu tiene poderes   por eso sigo aqu√≠ aunque pelees,1,0
480,Ella esta puesta para pecar,1,0
481,Nuestras salvadore√±as siempre se les moja el gallo a cada rato.,1,0
482,Deja de oler como una ni√±ita y huela a hombre con old spice,1,0
483,A estas Pv7as mejor que no les dediquen nada. Joden por todo y por nada. Por eso no gobiernan ning√∫n pa√≠s poderoso   capaz ya hubieran tirado los misiles dependiendo de la luna.,1,0
484,Todas las mujeres creativas que se las ingenian para cumplir con mil tareas a la vez.,1,0
485,El spot lo presentan puras mujeres pero los hombres se deben disculpar...si aja.,1,0
486,"Por suerte   en mi c√≠rculo de amistades y familiares solo hay mujeres sin complejos   exitosas en todo lo que hacen   nobles   lindas y amadas   Si le puedo decir ""Felicidades a las m√°s hermosas mujeres en su d√≠a como en todos los dem√°s d√≠as""",1,0
487,Espero no sonar mis√≥geno o machista porque no lo soy; pero es verdad lo que digo.,1,0
488,debe de ser modificada   ya que les da libertad para hacer y decir lo que quieran sin tener repercusiones   debe de ser pareja   as√≠ como las debe de proteger tambi√©n las debe de limitar   cuantas mujeres salen ofendiendo y si les responden ya van con demandas ante la fiscal√≠a,1,0
489,Uta la @user ü§¶ü§¶ü§¶,1,0
490,Come üí©üí©üí©üí© Vaya a trabajar no se le paga para hacer des√≥rdenes.... LADRONA,1,0
491,"""las apoyo porque tengo mam√°""",1,0
492,D√≠ganle que SI para que se calle.,1,0
493,La que esta desquisiada eres tu con esta clase de mensaje   el fracaso te esta afectando demasiado. Respira 10 veces y no leas   ni escuches nada que te pueda seguir afectando el razonamiento,1,0
494,Bajale 2 rayitas a tu drama que nadie te toma en serio,1,0
495,2  183 que perdieron el tiempo viendo y escuchando la misma verborrea de siempre de esta mujer,1,0
496,Cuando va aprender esta sirvienta del pueblo,1,0
497,La experta üòÇüòÇüòÇ nefasta.,1,0
498,Y PARA QUE HABLAN DE BITCOIN? CADA VEZ SE LES NOTA LA IGNORANCIA AL TEMA... DEDIQUENSE A HACER MARCHAS,1,0
499,Acaso juegas a videojuegos? Pero si eso es para hombres,1,0
500,vistanse normales porque en el colegio no hay muchachos para quien vestirse.,1,0
501,Anda trabajar gorda q mueren m√°s hombres q mujeres,1,0
502,Jajajaja   El Salvador   jajajaja feminista   jajajaja No se como lograste tener Internet en El Salvador   pero ya deja de escribir pendejadas y regresa a la cocina,1,0
503,Vayan a cocinar mejor que ya voy a llegar,1,0
504,Ya se pasan de mentirosos   farsantes   embusteros y chambrosos   no les da verg√ºenza mentir   ya solo falta que digan que muri√≥ por un parto no deseado   todos hablan puro pup√∫.,1,0
505,Decerebras que solo siguen un gui√≥n ..,1,0
506,Son seguidoras de la Dipurata @user... imaginense que escuela tienen ???,1,0
507,Los hombres vamos tranquilos por la vida   pero llega una mujer y nos vuelve locos   provocando que hagamos cosas malas,1,0
508,Esa chica solo cuando estamos sin ropa me habla,1,0
509,Mujeres concubinas de Lucifer   roban el alma a los hombres,1,0
510,Contigo todo me crece   el pito   las ma√±as   las ganas y mis instintos,1,0
511,No nos provoquen porque despu√©s no somos culpables de lo que pase,1,0
512,Mami yo s√© que tu cuerpo me necesita,1,0
513,Pobre diabla naciste para que te pongan los cachos,1,0
514,Habiendo tantas verdaderas mujeres lindas   pura propaganda de los movimientos de transg√©neros. Poner esa cosa que no es mujer ni es hombre a puras operaciones.,1,0
515,"Esta resoluci√≥n deber√≠a servir para procesar pr√°cticamente a toda obra p√∫blica   intelectual   m√∫sica   libros   peliculas   etc. Pr√°cticamente   todo alrededor de la belleza femenina   ""cosifica"" a la mujer. Incluso hay mujeres que contribuyen todos los d√≠as a eso.",1,0
516,Ser mujer es un privilegio de parte de Dios de tener caracter√≠sticas sumamente especiales   ser madre   confidente   buena amiga,1,0
517,Una mujer en politica es una empleada mas a servicio del poder !!!,1,0
518,Si los ni√±os abortados le pudieran decir lo que sintieron al ser asesinados quedar√≠a Usted m√°s impactado...por cierto para su aclaraci√≥n nunguna esta presa por aborto est√°n bajo sentencia por asesinato,1,0
519,Lastima que siguen hablando que est√°n acusadas de abortar cuando en realidad es por Homicidios que son encarcelaras a 30 a√±os   las penas por aborto no llegan a esa cantidad de a√±os.,1,0
520,Lenguaje inclusivo PECADO.,1,0
521,Una mujer de Dios no puede manipular a su marido,1,0
522,Corri√≥ como ni√±a,1,0
523,Pelea como ni√±a,1,0
524,Una mujer no tiene derecho a matar al ser humano que lleva en su vientre   ellas dicen   que solo en 4 causales   que m√°s bien son pretextos   qu√© culpa tiene el ni√±o que la mujer haya sido violada‚Äù: Regina de Cardenal,1,0
525,Es que creo que fue violada jajaja,1,0
526,Me queda claro algo mis hijas las protejo con todo lo que pueda pero si alg√∫n d√≠a les pasara algo como una violacion no dudar√≠a en apoyarlas en todo   en cambio usted dice la raz√≥n por la que su mam√° le dio todo su amor y cari√±o osea si hubiera sido violada usted no nace,1,0
527,La mujer  puede forjar  grandes destinos  siempre con sabidur√≠a  el de sus hijos  y el de su  esposo....dichoso el hombre que  encuentra una mujer extraordinaria. Porque es un tesoro invaluable.,1,0
528,Estos son unos preservativos   sirve para que no andes haciendo marchas desnuda pidiendo legalizar la muerte de un beb√© que no tiene la culpa de tu calentura y me vale quien se ofenda,1,0
529,Chepe es la cultura salvadore√±a... Y no hay que comprenderlas   solamente amarlas‚Ä¶,1,0
530,"Es que las mujeres   todo a conveniencia. El √∫nico principio y valor que ejercen parece ser ""si me conviene a m√≠ "".",1,0
531,Simplemente vulgares estas viejas,1,0
532,el celibato existe para que los sacerdotes no conozcan el infierno terrenal,1,0
533,las mujeres son buenas para cuidar ni√±os,1,0
534,Bien lo dice el dicho no conf√≠es en alguien que sangra por 5 d√≠as y no se muere!!,1,0
535,Mujer que sabe lat√≠n   no tiene marido ni llega a buen fin,1,0
536,La mujer da al marido dos d√≠as de felicidad: el de la boda y el de su entierro,1,0
537,"""El regad√≠o hay que utilizarlo como a las mujeres   con mucho cuidado   que le pueden perder a uno""   Miguel Arias Ca√±ete",1,0
538,La muerte tiene una sola cosa agradable: las viudas,1,0
539,La oferta -todo lo que puedas coger- es un puticlub,1,0
540,La triple penetraci√≥n,1,0
541,Socadas las mujeres que no les gusta el sexo anal,1,0
542,porque de tod@s es sabido que limpiar es solo cosa de mujeres,1,0
543,las mujeres que no ense≈àan son unas estrechas,1,0
544,Las mujeres no tienen m√°s hijos porque no pueden conciliar,1,0
545,muy aguada esa chava   esta muy nalgueada   se ve aplaudida y sin gracia,1,0
546,agarrenla bien cabrones  arrimensela bien   tratenla como se merece   les esta dando chance   aprovechen y diganle tomala que es tuya,1,0
547,quisiera tener esas piernas en mi hombro mi amor,1,0
548,se le ve que le encanta el sexo,1,0
549,te ves hermosa y muy sabrosa   me gustaria mucho que fueses mi regalo,1,0
550,como el cuerpo es un templo   esta hembra tiene un catedral,1,0
551,Est√° √±o√±a ni argumentos tiene lo mismo hablo que parquer m√°s el tiempo perdido,1,0
552,Esa se√±ora solo llorar le falto,1,0
553,Para empezar... ¬øqui√©n es esa zorra?,1,0
554,aunque no me lo crean yeik tambien me chacalio a miiiiii,1,0
555,"T√∫ eres la n√∫mero uno
 Y como t√∫ no hay dos (ah-ah)
 Con la cama somos tres
 ¬øPor qu√© no nos comemo'? (Ah)",1,0
556,"Cuando la toco ella de na' se viene
 Estoy pa' darte lo que t√∫ me ordene'
 Solo me busca' cuando te conviene   ey",1,0
557,Mejor no mandar fotos chicas   a nadie,1,0
558,Ya aburren algunas mujeres con esa queja del acoso   y ni las vuelven a ver... No s√© crean tanto!!,1,0
559,"Violarte?
 Ni que fuera mis universo.",1,0
560,Naaaaambe chele    si este culantro lo que quiere son un par de segundos para estar en la onda. üòÅüòÅ,1,0
561,Es que los hombred que las mujeres quieren que las piropeen no lo hacen...por eso la queja.ü§¶üèæ‚Äç‚ôÄÔ∏è,1,0
562,Cuidado @user al rato te dieron agua de calzon de la Pao,1,0
563,Disfruta colocha que vienen por ti muy pronto‚Ä¶,1,0
564,Hay que tener cuidado esta vieja puede deslechar a cualquiera,1,0
565,NOTE PREOCUPES ESTA NI√ëA DE AGUA LOCA YA TIENE SU TUMBA LISTA.....‚ùó‚ùó,1,0
566,Ella llega donde hay viejos millonarios ... como dices t√∫ gracias a Dios ke no llego ala asamblea .         dec√≠a mi abuelo . Dios sabe las culebras ke amarra ..,1,0
567,ESA colocha sabe para que le han dado ESA babosada .. pre pago o pos Pago ??Esa es una pr√©-pago   le gusta viejos con Dinero,1,0
568,Esta deveria buscar trabajo en baby lips por que como dijo Silva tiene buen cuerpo pero la caratura no muy bien y le gusta pelarse,1,0
569,no termino de ver el video pero ya que hablas de esta mujer toxica que hay del youtuber @user porque no son solidarios con alguien de su gremio deberian de hablar de el para pedir un juicio justo si el cometio una falta que pague pero en lo justo,1,0
570,Trat√≥ de domesticarte   pero sos un animal   nena est√° en tu naturaleza,1,0
571,Me adelant√© como un puma entre las sombras   pegar√© tu cuerpo entero con mis besos,1,0
572,No te asombres si una noche entro a tu cuarto y nuevamente te hago m√≠a. Bien conoces mis errores   el ego√≠smo de ser due√±o de tu vida. No te hagas la loca eso muy bien ya lo sab√≠as,1,0
573,tu experiencia primera   el despertar de tu carne   tu inocencia salvaje   me lo he bebido yo,1,0
574,Sol√≠a amarla   pero tuve que matarla   tuve que enterrarla seis pies bajo tierra y a√∫n puedo o√≠r c√≥mo se queja,1,0
575,No hay qui√©n entienda a las mujeres   llevo a√±os intent√°ndolo: tendr√≠an que ser como la tele   que trae manual de explicaci√≥n   prenderlas a control remoto   hall√°ndolas tocando un bot√≥n y si te fallan o hacen rayas mandarlas a devoluci√≥n,1,0
576,Sos tan espectacular que no pod√©s ser m√≠a nada m√°s / Ten√©s que ser de todos,1,0
577,No tengo la vocaci√≥n de un suicida asesino / Pero si es preciso afilo el cuchillo y me aplico / Si mato una mosca es muy posible que la entierre,1,0
578,Tr√°eme la escopeta porque le voy a disparar / Al amor de mi vida que me acaba de traicionar / Se arranc√≥ con un hombre que ahora es un nuevo gal√°n / Me dej√≥ como un perro y ahora tendr√° que pagar,1,0
579,Y est√°s bajo mi control / S√≥lo yo puedo tocarte / Y puedo ahogarte / En el v√©rtigo del sadismo,1,0
580,A mi lado nadie te tocar√° / Nadie se acordar√° de ti / Cuando no te acuerdes de nada / Ser√°s m√≠a,1,0
581,cuando no haya aire para respirar / Te estar√© asfixiando / Encadenada con mi foto / Condenada a pensar en mi / El pasado desaparece / Y eres m√≠a,1,0
582,Corre por tu vida   peque√±a ni√±a   si te atrapo con otro hombre ser√° el fin,1,0
583,Prefiero verte muerta que con otro hombre,1,0
584,Tengo que decirte algo que te puede doler: si te veo hablando con ese chico otra vez   te voy a castigar y te voy a dejar,1,0
585,Yo quiero una mujer como la tele / Que hable solo cuando uno quiere / Dejarla en el rinc√≥n que t√∫ prefieres,1,0
586,cada vez que respires / Cada movimiento que hagas / Cada atadura que rompas / Cada paso que des / Estar√© observ√°ndote,1,0
587,Cada d√≠a/ Cada palabra que digas / Cada juego que juegues / Cada noche que te quedes / Estar√© observ√°ndote,1,0
588,Oh ¬øNo puedes ver que me perteneces?,1,0
589,Eres la perra m√°s sexy del lugar,1,0
590,S√© que lo quieres,1,0
591,Tiene solamente 16   pero se siente como si tuviera 26,1,0
592,Flujo de protones   acostumbrada a enamorar de mayores / Casados   solterones / con la voluntad de satisfacer la mujer que grita en ti,1,0
593,Pues si puedo hacerte da√±o / solo falta que yo quiera lastimarte y humillarte (‚Ä¶) Por eso ahora tendr√© que obsequiarte un par de balazos pa‚Äô que te duela / Y aunque estoy triste / por ya no tenerte / voy a estar contigo / en tu funeral,1,0
594,Sol√≠a amarla   pero tuve que matarla   tuve que enterrarla seis pies bajo tierra y a√∫n puedo o√≠r c√≥mo se queja,1,0
595,Ella maldec√≠a tanto   ella me volvi√≥ loco /Y ahora soy m√°s feliz de esta manera,1,0
596,Eres ciudadana de segunda clase   sin privilegios y sin honor / Porque yo doy la plata est√°s forzada a rendirme honores y seguir mi humor / B√∫scate un trabajo   estudia algo   la mitad del sueldo y doble labor / Si te quejas   ah√≠ est√° la puerta. No est√°s autorizada para dar opini√≥n,1,0
597,S√≥lo qu√©date ah√≠ y m√≠rame arder / est√° bien porque me gusta c√≥mo duele. S√≥lo qu√©date ah√≠ y m√≠rame llorar y est√° bien porque me gusta c√≥mo mientes,1,0
598,"Yo tengo sus noches y su pasi√≥n  
 sus fantas√≠as y su obsesi√≥n   aunque te duela   soy
 la que en tu cama prob√≥ su amor   t√∫ eres rutina
 por eso yo   prefiero ser su amante   su amante",1,0
599,"Soy un desastre cuando t√∫ te vas de casa  
 en el armario ya no encuentro las corbatas  
 soy un desastre y no entiendo lo que pasa  
 ya estoy cansado de comidas enlatadas.",1,0
600,"Soy un desastre y sin ti yo estoy perdido  
 tus vacaciones estropean mis sentidos  
 soy un desastre y me siento confundido  
 quiero decirte que ya basta de caprichos",1,0
601,"Si no te es suficiente y no te prendi√≥ la mecha  
 sigues caliente y no quedaste satisfecha  
 Ve por un mango   el mango de un martillo  
 ponle vaselina y m√©tetelo en el fundillo",1,0
602,‚Ä¶ y entre tanto ramerio ya te apodamos la ramera,1,0
603,Sabemos que your pussy es mas grande que meterse en un jacuzzi,1,0
604,‚Ä¶ y me pregunto d√≥nde est√°s a qu√© g√ºey se la mamar√°s a qui√©n le sacaras la leche,1,0
605,Pues a esa mujer selacog√≠an en la cama que estaba escondida en la asamblea   no merece ser diputada,1,0
606,@ user por ese gran apoyo que ten√≠as te sacamos de la asamblea y por tus acciones de obstrucci√≥n al pueblo salvadore√±o y por seguir los sabios consejos del t√≥xico de @user.Descansa en paz cristinita por qu√© primero. Dios de est√° ya no te levantaras,1,0
607,La mandaron abolar por toxica   vieja y torpe,1,0
608,Jajajaja brava la Porky   mensajes de cari√±o aj√°   HOY TUS ENCANTOS SE TERMINARON .... QUIERO VER QUIEN TE DARA TRABAJO,1,0
609,Tengo una chiquitita nalgona con el pelo corto   me dice papi vente adentro si me pre√±a,1,0
610,Si sigues con esa actitud voy a violarte,1,0
611,En mi cama yo la meto por el centro   yo la agarro y la someto por el suyo,1,0
612,"to'a las putas quieren kush... las putas se montan f√°cil como en GTA"" 
 ""borr√© toas' las putas de mis contactos. Bay   t√∫ eres una diabla y mi bicho contigo hizo un pacto",1,0
613,"Canci√≥n: hasta que Dios diga:
 ‚ÄúT√∫ ere‚Äô mi Lady Gaga   yo tu Bradley Cooper. Ella se lo traga (Traga)   y me lo escupe‚Äù",1,0
614,Se meti√≥ con el fandom equivocado que se creen esta perra para decir que es su canci√≥n #melaniefontana,1,0
615,KAJSJS EN LO QUE SE METE WENO HAR√â FILA PARA METERLE KIMCHI EN EL AN0,1,0
616,Sabes que yo soy tu macho oye mujer que para mi no hay reemplazo (lo sinti√≥) Sabes que yo soy tu macho oye mujer que para mi no hay reemplazo,1,0
617,"No eres m√≠a   pero eres la mejor
 Mi cuerpo se retuerce cuando te veo
 Quiero acercarme a ti
 Pero eres muy hermosa",1,0
618,"Es completamente rid√≠culo
 No me importan las chicas con las que salgo un par de veces
 Pero cuando te veo
 Aprendo la introducci√≥n a la arquietura del cuerpo
 Aumentando mucho
 Mi testosterona",1,0
619,"√öNICA Y DIFERENTE QUE TE HACES LA ESPECIAL!!! ü§Æ SOLO LOS HOMBRES PUEDEN ENTENDER A LOS BEATLES
WOW NUNCA VI A UNA HEMBRA QUE LE GUSTEN ESAS COSAS ~√∫nicas SOS RE UNICA PQ ES COSA DE HOMBRE ESO",1,0
620,Hey Joe   ¬øa d√≥nde vas con esa arma en tu mano?   voy a dispararle a mi mujer. T√∫ sabes que la descubr√≠ saliendo con otro hombre,1,0
621,tiene cara de atrevida pero sin alcohol es t√≠mida,1,0
622,¬´Dale ven ven m√°tame / Me dice dale baby maltr√°tame,1,0
623,T√∫ llegas y estas putas empiezan a envidiarte,1,0
624,Cuando la azoto suena pam   pam   pam   pam   pam / Y las pistolas suenan pam   pam   pam   pam   pam   pam,1,0
625,Ahora todo cambi√≥   le toca a ella / Mari y una botella / Gracias al maltrato se puso bella / Ahora t√∫ la quieres y no te quiere ella,1,0
626,"Ahora nadie aprieta
Y me puse las Balenciaga
Mami   no te haga'   vente pa' ac√°   t√∫ eres brava
Me gusta por que eres malvada
No est√° operada y as√≠ mata las mirada",1,0
627,Con su carita de inocente ella me enamoro / Es una diabla bien vestida   ella me enamoro / Hace todo lo que pide   ella me enamoro,1,0
628,"En una foto te vi y me dieron ganas de comerte / S√© que   al igual que yo   en el amor no has tenido suerte /Pero me matan las ganas de verte / La curiosidad me mata y no aguanto /Ya te quiero tener  
 solo dime cu√°ndo /Es que t√∫ y yo muy bien sabemos",1,0
629,Por que lleva en su vientre 9 meses un ser inocente. Y adem√°s la naturaleza lo exige... La responsabilidad de un ser nuevo es de ambos pero el cuidado es de la mujer,1,0
630,"Entrevista | Rosal√≠a: ‚ÄúNunca nadie me ha mandado y ahora a√∫n menos‚Äù
 Expectador: s√≥lo su marido",1,0
631,Tan buena que era en la universidad   y ahora est√° da√±√°' / Se la pasaba estudiando   ahora vive perreando / Bebiendo en la calle   la vida gozando / Date otro shot /Su cara est√° en el sur   pero su 'booty' en el norte,1,0
632,Baby yo estoy solo desde septiembre / Pero no tan solo   tengo mi pistola siempre / Que no tiene novio   es claro que me miente / Me gusta porque no me cela y es pura candela,1,0
633,Ella janguea con los poderosos / Le gustan las movies de los mafiosos / No se va f√°cil   un culito prestigioso / (...) Las envidiosas les tienen odio / Hoy hay entierro   aunque no hay velorio / Hay funeral en mi dormitorio,1,0
634,La hembra es hembra en virtud de cierta falta de cualidades,1,0
635,El fuerte de la mujer no es saber sino sentir. Saber las cosas es tener conceptos y definiciones   y esto es obra del var√≥n,1,0
636,Al seguir una vocaci√≥n masculina   estudiar y trabajar como un hombre   la mujer hace algo que no corresponde del todo con su naturaleza femenina   sino que es perjudicial,1,0
637,"Amigo ella y yo solo nos vemos a escondidas para ahogar
 Esta prohibida pasi√≥n
 Aunque tiene due√±o yo solo tengo un
 Sue√±o ser su protector somos su marido ella y yo",1,0
638,"El amor tiene que vencer   y el marido tiene
 Que perder su hembra ahora es tu mujer   no pueden ganar los tres",1,0
639,"Un empleado de la alcald√≠a municipal de Jiquilisco asesin√≥ a balazos a su esposa   por celos   y despu√©s se suicid√≥ √©l.
 
 Informes preliminares se√±alan que la se√±ora era increpada constantemente por los celos constantes de su marido; adem√°s   era maltratada verbalmente.",1,0
640,No te estoy stalkeando mujer   solo fue coincidencia que viera tu historia 33 segundos despu√©s de que la publicaras,1,0
641,no creo que una mujer con car√°cter aguante violencia por parte de un hombre   lo mas seguro es que  los acuse injustamente y que se haga la victima,1,0
642,ella es la inestable emocionalmente porque sus exmaridos se casaron de nuevo y costruyeron una familia    entonces quien es la mentirosa y embustera,1,0
643,hasta mucho hace un hombre casandose con una mujer libertina y ni porque las honran cuidan al marido,1,0
644,Una mujer con vestido y tacones siempre va a llamar la atenci√≥n a donde sea que vaya!,1,0
645,Saquenle la cara para que sea denuncia real. Se pasan da la casualidad que solo los medios corrompidos dan est√°s noticias el resto expresa que los pararon colaboraron hicieron su trabajo con respeto y los dejaron ir. Ah pero la ni√±a se fue a esconder en pleno r√©gimen de excepci√≥n,1,0
646,"Si es pandillera delen con todo, hasta debajo de la lengua. Nadie est√° por encima de la ley.",1,0
647,"Fuertes la imagines....denle con todo...no se ve en el video lo que hizo la ""pandillera"" solo se ve a la ni√±a llorar y llorar....no no es abuso de poder‚Ä¶",1,0
648,Pobrecita la Angelita. Por buen r√©cord la deben estar tratando as√≠. Tal ves as√≠ les da miedo y buscan algo bueno que hacer con su vida,1,0